질문,output,timestamp
"'	1.	수행이란 무엇인가요?
","💬 홍익인간과 정법의 관점에서 수행은 개인의 내적 성장과 사회적 조화를 추구하는 과정으로 이해할 수 있습니다. 

1. **홍익인간의 관점에서 수행**:
   - 홍익인간(弘益人間)은 '널리 인간을 이롭게 한다'는 의미로, 개인의 수양을 통해 사회에 기여하는 삶을 강조합니다. 수행은 개인의 도덕적, 정신적 성장을 통해 인간다운 삶을 추구하고, 이를 통해 사회와 인류에 긍정적인 영향을 미치는 과정입니다. 이는 이타심과 공동체 의식을 바탕으로 한 삶의 태도를 강조합니다.

2. **정법의 관점에서 수행**:
   - 정법(正法)은 올바른 법 또는 진리를 의미하며, 수행은 이러한 진리를 깨닫고 실천하는 과정입니다. 정법 수행은 자신의 본성을 깨닫고, 마음의 번뇌를 없애며, 진정한 자유와 평화를 얻는 것을 목표로 합니다. 이는 개인의 내적 평화와 깨달음을 통해 사회적 조화를 이루는 데 기여합니다.

결론적으로, 홍익인간과 정법의 수행은 개인의 내적 완성과 사회적 기여를 동시에 추구하는 과정으로, 이를 통해 더 나은 자신과 사회를 만들어가는 것을 목표로 합니다.",2025-05-12 14:09:56.958954
